"id","creation_date","participant_group","participant_type","submission_date","answers_d1","answers_d2","demographic_info"
"1","2024-07-03 09:47:27.324685","A","ADMINISTRATIVE","2024-07-03 10:04:27.799306","530cf9cf-599a-4475-bb7c-845f0b1ee745","59bea0a7-e80a-4912-8f74-206ed6e6da88","03b757a4-1d34-4402-a7f6-076c3e3df170"
"10","2024-07-03 09:48:26.727449","B","ADMINISTRATIVE","2024-07-03 10:04:52.056617","8e638297-f55f-44cd-861d-8232d75a1e42","4f47663a-17b7-47d8-ba57-4d201b59c0f3","4c7743a4-24f8-4ade-b013-2d0e8c45ba8f"
"11","2024-07-03 09:48:24.888290","A","ADMINISTRATIVE","2024-07-03 10:03:03.416511","d53c8d4f-d8d3-40f3-a542-9f28368bbe4c","2d8a2714-9646-42d9-a5ec-95145019e3d7","62dc7caa-b574-4c9f-90c2-b4e42c0c3e0f"
"13","2024-07-03 09:48:18.365622","C","ADMINISTRATIVE","2024-07-03 10:05:14.581160","bc2cece9-fdf8-4e94-9b3b-9d85202dcf17","76bc07e9-1c23-4830-ae9f-37d4498f6a66","c84fffc1-00e0-4727-b240-95733855664c"
"14","2024-07-03 09:48:09.720491","B","ADMINISTRATIVE","2024-07-03 10:07:08.696679","aa7baabe-eb18-4267-898c-a04dc84f9303","c7b1fb8b-c014-4bbd-b3da-babbb3960da3","d9a0dba9-0446-444f-82dc-30c6813fd6d1"
"15","2024-07-03 09:47:54.033801","C","ADMINISTRATIVE","2024-07-03 10:04:38.723952","a41b7d80-e108-448b-b67d-d0447838fe07","06df80d5-ba51-49a9-8f8a-f97faa365c21","02f20641-0047-4e69-86c4-be3a9d07e841"
"2","2024-07-03 09:47:42.671552","B","ADMINISTRATIVE","2024-07-03 10:03:27.331849","c2d6e0bd-068a-4b77-b02e-b1b3fde8a7be","6c5525ac-2559-4ce2-9527-0e9b5c536d24","01a08668-7ff0-407c-9ca7-b3199a7e67e1"
"3","2024-07-03 09:48:01.735171","D","ADMINISTRATIVE","2024-07-03 10:11:56.048748","324ffafc-ad51-43a0-bb73-53b872a13ada","d7fc031e-481e-4413-b75f-64d2a1ceb0d3","49b4b1f6-9063-405f-a4ca-8fa10cc8b24a"
"4","2024-07-03 09:48:04.858336","A","ADMINISTRATIVE","2024-07-03 10:12:39.814149","1ab67075-0142-4cee-a44c-c2067acc20be","87b9714b-1adf-4c0b-9766-8a85178cac0b","4d953100-0c89-4777-ad8b-f2d3622ff9c2"
"7","2024-07-03 09:48:20.971438","D","ADMINISTRATIVE","2024-07-03 10:18:09.346535","e7e44670-3bc3-4770-8dac-94f3bd9053da","214b1c86-436e-4b82-9e1b-0cd813ca18fb","e8c0c5be-d138-46fb-b15f-ad895a8b8a97"
"S1","2024-07-16 09:32:00.732234","D","FOREIGNER",NULL,"5480a3a1-d32e-403f-9672-85f274f6adde","2401aabc-3385-4f9f-973e-3d00b2183b50","58f2b33a-1e18-4e37-99a9-48f65194b98a"
"S10","2024-07-16 09:39:34.686527","A","FOREIGNER","2024-07-16 09:48:40.296957","e8496319-2e7d-4fc7-89a6-4c98c62d265f","44c3d170-673f-4c75-b232-2578314edf1b","6c3f0d9b-9073-4b37-b09e-90d19ed2371b"
"S11","2024-07-16 09:40:39.029652","B","FOREIGNER","2024-07-16 09:41:07.963408","fecccf68-622b-4663-b060-ff813fffa1da","70e10ec5-dd1c-4eea-b8f1-2a7c35b4bfaf","51da5932-3a2d-4248-9512-aa3a1e472a0f"
"S12","2024-07-16 09:35:03.235264","C","FOREIGNER",NULL,"e60654e5-6146-4e81-a89e-d0af0ec25b02","ab67f2a0-53d7-425d-9f54-01fbee93bc6d","5505c281-3798-41e7-88e2-a41e091a6b80"
"S13","2024-07-16 09:35:09.396485","A","FOREIGNER","2024-07-16 09:55:44.079959","d5cf8b51-e641-4d6c-86aa-ee67e7955ad8","98c1c4c3-e4ad-43ee-a544-f13b30128e8c","e2dadaf4-c180-40f6-b1ae-a48ef110218e"
"S14","2024-07-16 10:01:06.867063","C","FOREIGNER",NULL,"4b1f506d-e167-4642-a26b-0f2849389e9a","bb2b8e18-51dd-4b23-a2c4-d32de668ebbf","67a23088-3bfa-457b-9c60-7720c307bdeb"
"S15","2024-07-16 09:37:53.815241","B","FOREIGNER","2024-07-16 09:57:18.546920","51a29911-dc9d-4b97-b3c5-f94ef2ca97f5","54aa839c-c87c-4d84-88d1-9f2880dd4d18","7ec62f37-80c0-4fa9-b7b9-1a08f9ad48c9"
"S16","2024-07-16 09:39:46.343790","B","FOREIGNER","2024-07-16 10:01:08.500216","1c6999f8-be24-463c-a268-acf9f1065032","4666f2d5-2b6a-4c11-a478-d6be0c9a9835","08aeabdc-5ee0-4169-931f-78c2e10a2f09"
"S17","2024-07-16 09:37:58.197354","D","FOREIGNER","2024-07-16 10:16:30.187759","bf299a6c-cb65-444b-8f06-de2df153d301","b7c058da-89d2-449d-9a64-23f39f382c54","7496d6b4-fe4e-4835-96d4-85c64c93f511"
"S18","2024-07-16 09:39:16.994150","C","FOREIGNER","2024-07-16 10:08:26.086371","91ac858b-3003-4c07-bc62-4febf09aaa43","ccb4c62e-1f04-4fa1-b43f-4a47cdf06f3e","1013b10a-b141-49d5-b0f0-af4e237ac47a"
"S19","2024-07-16 09:40:15.274475","D","FOREIGNER","2024-07-16 10:04:51.076911","6d88de32-152d-4d0d-a680-7718e8e98edf","9358b973-01b3-42d3-a5c1-ae799ed4e25a","349064d7-5938-4f3a-8e00-233667eefbb5"
"S2","2024-07-16 09:35:21.606029","C","FOREIGNER","2024-07-16 10:44:57.551264","5ccf5bea-4fe3-4d43-a725-761d98bc6a8a","2201ca4b-5ac4-4b4a-8378-76883f0e9a7e","2e7eeaca-2d20-4a41-b757-51f39a281383"
"S20","2024-07-16 09:41:20.208364","D","FOREIGNER","2024-07-16 10:17:12.291096","ea94e71d-e2bb-4e94-9f54-0ab9102453f8","745083db-26f3-486c-90b5-4986ea13f60c","ccd575e2-9644-4e8d-bb4e-0e398fb0fd59"
"S21","2024-07-16 09:41:55.670109","B","FOREIGNER","2024-07-16 10:18:30.369560","abe40536-8809-437c-84b6-d86c38b3fa4b","93480553-9261-4048-a782-e4b0be213911","3860752d-d049-4cd1-8e6a-94170e405939"
"S22","2024-07-16 09:35:59.503799","C","FOREIGNER","2024-07-16 09:57:55.846424","6fc58ed7-7f4c-4a01-99c5-c6f1cc0aa481","4f7b6a46-554b-45e7-9b8d-a057a192092c","ac7aaf04-6af4-4f11-8bca-1bbe3dec23bf"
"S23","2024-07-16 09:36:32.865987","A","FOREIGNER","2024-07-16 09:57:57.787374","097b44ad-a2fc-4590-beac-9f8bc91f94f3","1ff825d2-b3d1-499e-9fa1-48b14af22284","7d41c8ad-77c7-4fe4-8acf-25c7e4b9efec"
"S24","2024-07-16 09:37:08.220404","C","FOREIGNER","2024-07-16 10:12:37.991142","6d99ea1d-9124-436d-9ca2-9e93e6ce15b4","6c8c384c-a5fb-45ac-8181-14d6b0f40972","7434d294-58b8-4085-bf95-9426b0f4de35"
"S25","2024-07-16 09:35:54.448712","B","FOREIGNER","2024-07-16 10:01:29.738092","7e1f3a9a-aeb0-4c3b-a28e-b40e33eb627f","eb0b3c2a-337e-40f7-bd21-046ced016eba","2af38414-3c6a-491a-a65c-8eb46e7693ba"
"S26","2024-07-16 09:37:12.957018","D","FOREIGNER","2024-07-16 09:52:45.298230","13a674ec-4c63-4cba-bf6d-f18a91a88cb9","c6a2c941-f6d0-4d70-9857-2e060403b55e","43e2949a-4ade-4a2b-b270-ef982674dd25"
"S27","2024-07-16 09:36:36.846008","C","FOREIGNER","2024-07-16 09:51:47.105169","49a0ea3e-63e0-4646-8142-d4751f05fddd","a8c72765-b1df-4ae1-b863-8cbfc04da2d8","fc865dc2-43c8-42f3-aa3c-37c29e571ab9"
"S28","2024-07-16 09:36:31.640448","D","FOREIGNER","2024-07-16 10:07:13.487457","31ed5680-faad-4509-9fae-59187befd6d1","85a3d0b0-e8ec-4843-a3bf-aa7efed2b774","ea7f5ac1-c7b3-41ac-957a-41afb4c1e081"
"S29","2024-07-16 09:38:34.035689","C","FOREIGNER","2024-07-16 09:54:37.159557","11b39ed7-ddb6-40d3-a383-697b22fd9f76","56bf63da-65af-4c30-9bcf-9e3d38bcc41f","8fec1d64-71b2-4638-8733-d6892d6d8037"
"S3","2024-07-16 09:38:13.090659","C","FOREIGNER","2024-07-16 10:39:54.609794","07cedae6-2d76-4e3c-be4a-97f3ba4968ab","25293f53-66ea-431f-a769-6f50a7767f75","718780fd-f58f-4a8d-a008-3e5978e28bbe"
"S30","2024-07-16 09:42:10.215724","D","FOREIGNER","2024-07-16 10:21:40.822182","7697cd93-b0ec-481a-82a8-fdfa53b63281","d18c46e4-04e6-4cd1-bf79-0e281bee3788","351d85af-bcaa-4dca-b69f-6bf35367b0d5"
"S31","2024-07-16 09:35:49.800078","A","FOREIGNER",NULL,"c3ccf694-a8f0-457d-aaba-2cca572f7f8e","f2c8d0db-f88a-4949-8474-6770b4e53ebc","dfbc4a7b-e3b1-4435-a799-b4c209b3cb19"
"S32","2024-07-16 09:36:25.725908","C","FOREIGNER","2024-07-16 09:53:23.897763","3c5a7abf-5564-444a-8933-d3e4437f48e3","abe09691-acdc-4079-aa71-f66131a3a8fe","9ec1037e-e102-4e5a-881e-867fe0700abf"
"S33","2024-07-16 09:51:21.354706","B","FOREIGNER","2024-07-16 10:12:40.654301","24ef711a-4c22-4de6-b71c-47530862e061","37f2fa1d-df99-4cfd-bdd3-bfc3616eb3c8","6a86fd19-902c-4314-97ff-dfd3ecb37f4e"
"S34","2024-07-16 09:35:09.319215","D","FOREIGNER","2024-07-16 09:49:34.074433","f369bcd6-4678-4df0-84bb-fbfa49c62a16","336351c6-aabb-4382-8acd-b93a5b5e8cba","6dc486ce-44e3-449c-b339-8505da6fefab"
"S35","2024-07-16 09:36:42.246055","A","FOREIGNER","2024-07-16 10:04:27.144872","7cff4c1e-16eb-4243-9f94-327cbeb62dab","702a2b9c-a83e-4ef4-9166-535da10b7c9d","31100f02-d981-4a74-ab0d-d1a088320d6a"
"S36","2024-07-16 09:36:36.649013","B","FOREIGNER","2024-07-16 10:01:24.612878","c4110c1c-b764-4ee2-8c16-492687b856bb","dad60cce-2ce8-4f47-89e3-442c33b8187e","e11225c4-8b96-4359-94f4-01a3afb1ec60"
"S37","2024-07-16 09:45:07.431544","A","FOREIGNER","2024-07-16 09:58:46.597156","2246add0-9203-4922-9061-682b536cb061","0a6145fe-4e9f-4013-ad95-81e6d8be7ac1","a70cb664-54aa-4db9-b24f-c5d6c121425e"
"S38","2024-07-16 09:43:04.170104","D","FOREIGNER","2024-07-16 09:56:41.476456","c81a9ec8-bff6-474a-a25e-ad54dc0bd403","0b30b4c5-10d1-488b-a151-88ab33d0b17b","2acc81e3-feb4-40bc-a9d4-2f3a79479279"
"S39","2024-07-16 09:36:15.123075","D","FOREIGNER","2024-07-16 10:05:21.748448","3a0e295a-0cb5-4bc7-9815-5719995d6352","1e5a0828-4095-4629-9c78-86acdb8bfb56","c3b6785a-1e19-43d0-81b3-a70e74d7aef3"
"S4","2024-07-16 09:37:22.779948","A","FOREIGNER","2024-07-16 09:57:43.816974","ede73346-f8a3-461f-bf14-1ed6438d5347","bf3ad4f5-3b94-473f-90a2-73bc22c79381","39a3f699-d427-4177-af4b-74f7e2c7d35c"
"S40","2024-07-16 09:35:48.558054","D","FOREIGNER","2024-07-16 09:50:38.877988","332415ba-ca22-415d-ab1e-9c56b43b78f8","765141f6-7510-4ef4-83dd-fb127473d951","5be146cc-9f31-4504-a440-14e172e4f062"
"S41","2024-07-16 09:35:10.285201","B","FOREIGNER","2024-07-16 09:47:09.107078","be2a3edc-69df-477a-9b7f-2d9a9e9592b1","eba55c70-9694-4b79-aa60-7eecedda050b","a71f36b4-145c-465a-9624-29a0cfbbff43"
"S42","2024-07-16 09:34:31.961693","D","FOREIGNER","2024-07-16 09:49:01.693037","061c2890-fb36-4882-88a8-57cedd8eb4ea","7baad953-fa24-4c92-b8d8-562ee219902c","dab5e6c2-deae-463c-a300-9901f00d365d"
"S43","2024-07-16 09:32:52.674505","A","FOREIGNER","2024-07-16 09:44:02.670575","eeb3e787-849d-4c46-ba84-13a6c968671b","3383247f-2415-4abd-81be-0c8c5a6fa22d","c57587ad-562c-432d-9353-7201a45f1b60"
"S44","2024-07-16 09:34:34.603349","A","FOREIGNER","2024-07-16 09:37:50.200232","bdc7d62f-8ec0-4033-ac8b-74fb9abf5439","d35075a1-8e38-4cb9-9efb-7d6039a8958e","d700fe51-973d-4482-afe2-221a960db782"
"S45","2024-07-16 09:34:31.373066","C","FOREIGNER","2024-07-16 09:38:19.794149","c39db5fa-bf18-4cdc-ab9d-f931ea833679","c3983290-b016-4b66-a4e2-04db8b4b7227","bb4bd830-fd1b-478d-b475-cae747b8b627"
"S46","2024-07-16 09:44:58.663778","D","FOREIGNER",NULL,"da2e6f28-434d-4123-a7bd-bfea853b5df4","fab6fea1-f7da-425d-9932-7c6c2fdf7ff8","83bac86a-edd5-48b4-9cfd-2ea9de8e9547"
"S47","2024-07-16 09:38:04.422372","A","FOREIGNER","2024-07-16 09:41:58.978485","68e27edf-20b6-404d-bf22-6df803163c77","3dcd873d-7cd4-499d-96cb-69aabdbd8ed3","f5678e97-89c7-4a72-9218-92f54f6f3394"
"S48","2024-07-16 09:36:52.250814","B","FOREIGNER","2024-07-16 09:47:42.226902","f0ca2b48-5dce-4f8b-acbc-69c0f462c7c7","5871d090-cd89-437e-b456-b5fa211d1e54","a60a9dd1-b831-4c02-8a1d-2be011004153"
"S49","2024-07-16 09:36:40.346368","D","FOREIGNER","2024-07-16 09:51:39.965777","0742aa5b-bf7d-4a53-9e33-d264a619aa0e","f139f98b-06ea-46df-bd96-2fe50cb3e709","895f683a-499d-4ccd-93c8-f36aca2aa160"
"S5","2024-07-16 09:37:54.997219","C","FOREIGNER","2024-07-16 09:41:52.084392","93dca99c-cfba-4d1d-8092-132f1918de4d","f0af1a1c-5c68-42ed-b935-ba892a042d7a","7bb66474-3825-4e53-a9e7-038c38b6a09f"
"S50","2024-07-16 09:34:49.362584","B","FOREIGNER","2024-07-16 09:43:29.556789","dd4f103e-e1a1-4eea-964b-1206e54357d5","206c58fe-2703-42a5-9a70-f4b608ed7315","e0af7d14-83c6-43d2-b2a5-445456868772"
"S51","2024-07-16 09:36:19.419301","B","FOREIGNER","2024-07-16 09:51:17.989789","ea332b0e-9b96-4e31-b055-5eadf759224b","b0f24f24-fc4c-41d2-a011-1efd87aa6cf6","203f100b-78be-486b-b9b8-da4e46263ec0"
"S52","2024-07-16 09:34:00.464780","B","FOREIGNER","2024-07-16 09:39:55.000108","8609b95d-fead-4e73-abbf-f77fa8e29700","2a958cbc-2b1a-4635-878b-f66997378752","0a5f42ce-fed5-4185-a113-68e1e5d7d96e"
"S53","2024-07-16 09:42:57.608138","C","FOREIGNER","2024-07-16 10:10:10.397586","0b308899-981c-4c29-8660-5a03fea9e9d6","f18e0eab-2fad-4a8e-973b-8e54c466244d","4afee338-86ee-4040-b4a2-7d900f76c96c"
"S54","2024-07-16 09:43:26.118965","B","FOREIGNER","2024-07-16 10:04:17.454111","36b6de05-6e1d-4a8e-a4c7-55b2162419b4","f8c3fae2-8269-4910-af8f-ae4a28b655ac","50b25cb6-1bb8-462a-bde1-be75e5f06493"
"S55","2024-07-16 09:40:23.885077","A","FOREIGNER","2024-07-16 09:59:22.158866","2b347ae8-4dcc-49e8-ba42-84bf6b15b229","71ca189f-514c-4db4-bc9f-69eebe6810dd","203f0ac3-9af7-4788-8fa2-e4d99a26d4c7"
"S56","2024-07-16 09:42:17.341595","A","FOREIGNER","2024-07-16 10:01:48.823936","bd2ff8b3-f225-4d07-80c7-be028ed24c0c","d2c2f767-bf37-47ac-9559-1233f01094b5","eda81152-6033-4439-b131-4d540ad8d474"
"S57","2024-07-16 09:44:05.592989","C","FOREIGNER","2024-07-16 10:07:11.704472","2587aba3-5362-4a8f-bd3c-f50c9f98c544","7d7844fe-8515-4492-b866-eadbd12d95b7","cb137daa-6790-4950-af3a-3be9fae8ff40"
"S58","2024-07-16 09:38:35.993387","D","FOREIGNER","2024-07-16 09:55:23.072276","05a20d99-56c4-4956-9658-f657bb2450ac","5d36d902-cd39-4afa-81bc-406d7d325f03","2255c854-3eaa-4777-bcb9-a0c2cc838632"
"S59","2024-07-16 09:38:38.555950","A","FOREIGNER","2024-07-16 10:10:49.743924","580c5ffb-0623-4464-8db9-e505ec7e429c","ce74043c-d2ac-4489-9f20-b307b5ef8a3d","c8c1b4cc-2e14-4bc0-85b3-ecaadb0ccfd5"
"S6","2024-07-16 09:37:41.120149","A","FOREIGNER","2024-07-16 09:42:08.830466","61c0f861-c1e0-479d-aa73-10ce871e9851","917d1dc8-3f58-4d2f-8f75-fe2eed143918","c5415032-f54f-4706-ab1a-aca3b6f79230"
"S60","2024-07-16 09:39:21.592199","D","FOREIGNER","2024-07-16 09:53:15.416412","964f44b3-5060-4551-a2e4-2632023dd8fb","6bc492ac-bb9e-4a75-ba60-a2a95c740478","1fbfd17e-940b-485c-ae03-59978deac200"
"S61","2024-07-16 09:38:04.927905","B","FOREIGNER","2024-07-16 09:47:23.662841","4a203ec4-6901-439d-a853-67af9b995af6","ca596dc2-51f9-4d33-ba98-96cdb90dbf8e","d6a18be2-121f-4ce1-ace0-a148aeb2dd82"
"S62","2024-07-16 09:38:22.342922","A","FOREIGNER","2024-07-16 09:48:09.269714","9ad9724a-f6ca-4802-bee0-c5a5acd7d4b8","b3ada695-7d19-487d-b1b8-374aa46d3d84","fd12835e-55e1-43b4-98dd-1a539d6aed01"
"S63","2024-07-16 09:38:19.590984","D","FOREIGNER","2024-07-16 09:41:50.112602","93e70f15-b2b8-4080-ad61-0e07aa79f7d9","d21e54fa-0b9e-4800-95e5-48aa89bfdd35","c77dd15d-fdf5-477c-8237-d527dd51c89c"
"S64","2024-07-16 09:39:14.997634","B","FOREIGNER","2024-07-16 10:25:40.876310","d2be49b3-97d2-40ec-a5de-5fcde973ddb2","0b8f82b8-6613-4b60-9355-232214acefe9","922e52f0-6e11-4303-846e-7dbd67f3989e"
"S65","2024-07-16 09:41:00.990433","C","FOREIGNER","2024-07-16 10:24:34.351396","9e0dee77-c70a-4099-b90c-c158f06da692","52276b7e-bd9c-4ffd-9c1f-f3ee17b4d9e2","4628f2bd-6faf-4df1-861b-bf3764b424eb"
"S66","2024-07-16 09:37:38.977173","C","FOREIGNER","2024-07-16 10:04:46.596677","01bb1c25-d8f1-4e72-8122-7494e20cb63d","f859d24c-377c-4bec-b300-694b04aefbb2","2eaac1ad-5b8a-47d4-9400-9348edc76bca"
"S67","2024-07-16 09:37:36.114474","B","FOREIGNER","2024-07-16 10:04:45.952935","e75af829-1e02-4a1a-b686-024209ccf2eb","b455b9d3-4b22-4f00-8358-350029de8372","70ad2980-7df3-491a-b3fd-19e1d415f784"
"S68","2024-07-16 09:38:28.941031","B","FOREIGNER","2024-07-16 10:04:21.645932","5b6627f8-0685-4271-9c60-659f39f2aeb6","06dac9a0-277a-4a59-aafa-e23daae8fca8","1d33b92f-5287-4040-b3bc-579250da84f3"
"S69","2024-07-16 09:41:56.583675","C","FOREIGNER","2024-07-16 10:03:32.306292","476c36d5-c13a-4ca5-ae8c-382ce7566dac","80ab3ce0-bad2-43ff-9fa0-fe891e41d045","41344ac6-d7ec-4ff0-96ec-5a23ea03a357"
"S7","2024-07-16 09:42:42.536007","B","FOREIGNER","2024-07-16 09:43:26.328825","92ca7b6f-72ce-41cb-a4a2-b91b912dec2e","57455baa-c3d9-421a-82f9-cb4df73f7e8b","11e599c3-3363-4c71-ae26-0f1f369198bc"
"S70","2024-07-16 09:37:40.840056","D","FOREIGNER","2024-07-16 10:05:41.579636","fa23eb65-2da7-4615-aff3-11a4b4b9f5ae","1eedfef8-81ba-45c6-96f3-d08ce45ac8e4","e2ba346d-65f6-4a89-acbb-d90179db6e3b"
"S71","2024-07-16 09:41:40.804045","A","FOREIGNER","2024-07-16 09:50:14.634135","083113fb-cd98-48de-a651-c278f10593a6","51f753f9-f38c-458d-9756-87925a05b5a7","6e30f1d0-deac-4e01-a227-ff0b3dd2b4ed"
"S72","2024-07-16 09:43:22.674143","A","FOREIGNER",NULL,"77765819-e1b5-469e-9e48-01275212bcee","c874b5ba-95d2-4a43-9ca9-4f7e75978eba","fb55c7e1-217e-4c53-9ff5-e1553aa95cf5"
"S8","2024-07-16 09:36:15.203006","A","FOREIGNER","2024-07-16 10:05:35.607538","2cf3df45-946d-44ea-bd4b-4d5add6cd90a","b6cdd0e6-5e3e-482a-b61d-55d6ce650add","a8086fcb-1539-4d3a-98a4-5577d090ce07"
"S9","2024-07-16 09:40:10.762287","C","FOREIGNER","2024-07-16 09:52:55.332652","c37b56da-b780-48aa-a5d2-21edbd9babd1","8d7ccb95-8511-4a21-adb5-45e4d85071e0","1123aebd-085a-4580-b81b-86fc51b2c62e"
"UEFSVEVDSVBBTlRFXzc3","2024-07-07 16:49:12.267134","C","FOREIGNER","2024-07-07 17:14:14.374974","18fe61b2-f691-4628-866f-ff1ccd9fa5f7","d8929073-0fed-46da-bd50-76adf2949c6b","338232d7-5e71-41e9-8ad6-c815d7fbff8b"
"UEFSVEVDSVBBTlRFXzc4","2024-07-02 16:38:44.781844","D","FOREIGNER","2024-07-02 17:01:24.060045","5b811d9b-04aa-4e27-803b-7d6d95d32493","42efd163-94b0-4581-9f99-b45819a8436c","c0095962-a818-4099-8878-d556e5ebd5b8"
"UEFSVEVDSVBBTlRFXzE0MA==","2024-07-04 14:04:04.304332","A","REGULAR","2024-07-04 14:19:10.272699","d2b221a2-1234-47c4-829e-3c40db94470c","911cae1e-31fa-494a-a449-c9c06a6e105e","57efdcd6-45db-46a6-a5a9-2979bb5e9463"
"UEFSVEVDSVBBTlRFXzE0Mg==","2024-07-04 13:37:29.108398","B","REGULAR","2024-07-04 14:25:33.483815","1cd6a46a-c0a0-4a50-ad32-40849b58e9c9","8cfdbbd8-b4d1-47ae-87f6-0516bad78642","81f81fc7-4097-4d3f-8024-4296566fba5c"
"UEFSVEVDSVBBTlRFXzE0MQ==","2024-07-07 14:46:47.085912","D","REGULAR","2024-07-07 14:48:07.225651","6bbe0c8b-8c1e-4653-8cbd-58da355a8c5c","4b42f3d6-252d-46d9-9c63-393b13fa3b83","ebc24fe1-6461-4c1a-b44a-285259a98248"
"UEFSVEVDSVBBTlRFXzE0Mw==","2024-07-04 19:19:08.551080","A","REGULAR","2024-07-05 15:34:38.220051","7001e260-63e0-42d8-87fe-21193e7748f6","20dd7847-995f-4e18-aff5-931019222f6d","3dc19098-df98-4fe5-9d3c-20ad7faaf2c1"
"UEFSVEVDSVBBTlRFXzE0NA==","2024-07-04 11:28:55.598327","B","REGULAR","2024-07-04 12:47:18.086435","9c623722-7e88-48fd-b90a-75f7a4b96cb6","c3df0338-66a6-48f0-a059-f28a5c667259","ede43292-27a8-4467-b3b7-42ad1d0a07f2"
"UEFSVEVDSVBBTlRFXzE0Ng==","2024-07-05 05:49:00.358202","D","REGULAR","2024-07-05 06:05:33.222251","dd838684-8c26-46ba-9c75-09eb8719974f","85b44748-6057-496d-9c2a-ce69acd15cc6","3a2ca58b-c883-491e-87d6-8342052f5cf5"
"UEFSVEVDSVBBTlRFXzE0NQ==","2024-07-05 20:56:26.826191","A","REGULAR","2024-07-05 21:09:50.274150","1a7dbe91-1318-4056-b628-664800e0631f","564fec80-bb0a-4766-af12-7e5f6312755e","0f00fbf0-5a6c-444a-862b-784825f18501"
"UEFSVEVDSVBBTlRFXzE0Nw==","2024-07-04 12:45:50.013508","C","REGULAR","2024-07-04 14:36:53.019239","6957bbce-4db2-48b5-9200-8da02fe0f05f","53b2b222-50e6-4aa6-b68d-e099c94bf1af","b28fd78d-16fa-48bf-9cf0-49d8610b3f7f"
"UEFSVEVDSVBBTlRFXzE0OQ==","2024-07-04 11:10:59.777099","D","REGULAR","2024-07-04 11:21:54.028803","8ae25634-c6cb-4789-b5c8-444d42eaadbc","7572b437-6b11-4967-b61d-d9b417e28ffe","6655aedd-2062-4008-9d86-e9ae24a402ec"
"UEFSVEVDSVBBTlRFXzE1MA==","2024-07-04 11:52:42.488455","A","REGULAR",NULL,"b638e48e-e64b-49e8-b32a-a1da006f3789","d82d85d2-0cda-4ea0-8e8e-9c812316a2eb","6d735cf4-d75a-440a-9f50-3910f698f890"
"UEFSVEVDSVBBTlRFXzE1Mg==","2024-07-04 11:10:32.729085","C","REGULAR","2024-07-04 11:23:50.493550","57615f1b-9a42-4133-a8c4-1b44d82a1630","a8e6f816-bbc3-4964-a372-c95f58ecf869","80024a7d-13f2-474d-85de-24bc19095f36"
"UEFSVEVDSVBBTlRFXzE1MQ==","2024-07-07 14:22:20.161826","B","REGULAR","2024-07-07 14:55:48.266698","3b1ac1a3-2f45-4ae2-95f9-1d94ad20564f","e47609b2-0931-4891-99a7-523d9792cf95","728ece5f-2980-4cf0-b8b0-55d87ddedf27"
"UEFSVEVDSVBBTlRFXzE1Mw==","2024-07-04 11:26:14.379035","A","REGULAR","2024-07-04 11:54:19.261876","0e2a545f-18f7-43c0-900d-74a66172f8fa","f162025b-6cc6-450b-af90-037d90849e48","8d52e1d2-0acb-4e3a-8738-a8311469a75a"
"UEFSVEVDSVBBTlRFXzE1NA==","2024-07-04 14:40:24.186806","C","REGULAR","2024-07-04 15:36:03.907612","b61bee7a-5952-4324-ac02-57063842a9b9","6cfd2b8c-662f-4fb8-a3c1-95a99b68273c","5b3e26fa-eae2-4935-913e-11aad2b282ca"
"UEFSVEVDSVBBTlRFXzE1Ng==","2024-07-07 16:48:14.674475","A","REGULAR","2024-07-07 17:07:13.646695","fdfe5532-4272-4d7c-8293-6e119d2972e2","4178bd32-882e-4bbf-88af-7fa9f191f153","c13cbc8e-c3da-4353-b4c0-679c59f89179"
"UEFSVEVDSVBBTlRFXzE1NQ==","2024-07-04 15:20:56.097168","A","REGULAR","2024-07-04 15:32:29.888818","f1b7614e-e41f-4537-9a18-81ed99c7a582","69588d77-d572-48ac-a624-977d2a9ac0ea","268018ab-b30f-4450-bf79-7aa45392e29e"
"UEFSVEVDSVBBTlRFXzE1Nw==","2024-07-04 11:56:47.004484","B","REGULAR","2024-07-04 12:11:16.775186","865a3e0d-b30b-45bc-8e58-85a5d8e37981","ebca828b-1e48-415d-b7e7-a4b29bb14183","3174b261-9b17-4321-8d96-edc818e677c1"
"UEFSVEVDSVBBTlRFXzE1OQ==","2024-07-04 14:47:40.979242","D","REGULAR",NULL,"e5a2cefe-01da-4ef0-9b94-0f506907cc32","71f739d0-6930-4057-8ff0-391183f97815","81a7e4f0-a409-4ce5-93d1-58014d9095da"
"UEFSVEVDSVBBTlRFXzE2","2024-07-19 12:45:37.646542","B","ADMINISTRATIVE","2024-07-19 13:05:11.896471","9f624542-c422-4f81-9dc5-3c08a896232a","7e7f58b5-dd29-4f46-b64a-ae0ec1d5d106","14ba3011-1dee-43cf-aba3-9f226821256e"
"UEFSVEVDSVBBTlRFXzE2Mg==","2024-07-04 13:12:54.687459","D","REGULAR","2024-07-04 13:31:38.338604","92c1414f-8f81-44fb-8524-1ee92cc9382f","e5271d8f-207e-4460-90dd-2864b90fde31","5fabd4cf-ad21-4b19-9176-ac33e600aa6e"
"UEFSVEVDSVBBTlRFXzE2MQ==","2024-07-07 10:46:57.094582","D","REGULAR",NULL,"871488aa-af7c-4c21-8e19-5cafa8e00411","fd4ba8e5-0e59-48d5-aca5-f116b31e4900","f9401859-7273-4c36-8796-871cda869d32"
"UEFSVEVDSVBBTlRFXzE2Mw==","2024-07-04 13:49:25.953054","D","REGULAR","2024-07-04 14:05:57.937911","141c7927-7c81-4172-98e0-1d1882985632","e289de21-7e6a-4ebb-84d7-e2d825f25acc","2ce230e8-5169-46ff-8b95-fd94da45bc30"
"UEFSVEVDSVBBTlRFXzE2NA==","2024-07-04 14:24:52.783977","B","REGULAR","2024-07-04 14:36:12.115960","11ebfb60-5ee4-429e-b2a7-e3e06389e98c","e6cd459c-ddcc-425c-9e15-7e4cedb8c787","0c10f64e-6839-421b-abc1-091ef56f1e8d"
"UEFSVEVDSVBBTlRFXzE2Ng==","2024-07-04 16:50:27.603590","B","REGULAR","2024-07-04 17:18:36.082601","05cb4ae0-8e25-410e-803b-0d0f0ec74ad8","9029b087-155d-48f5-820e-c4f94199f8ae","2a7ebaa9-e8cd-4ad9-a28e-f6919cdf513c"
"UEFSVEVDSVBBTlRFXzE2OA==","2024-07-04 21:12:03.791263","C","REGULAR","2024-07-04 21:50:37.375644","43e0e28d-098b-4c9a-9056-99cfb486a154","fd894bf1-8ca7-4efa-acf4-0c5c47480e01","0fe54a60-19d0-4a75-86a5-dc4a159a943c"
"UEFSVEVDSVBBTlRFXzE3","2024-07-19 11:05:46.971120","A","ADMINISTRATIVE","2024-07-19 11:33:04.359305","b7f69897-17ab-4a39-a4be-ac5fd4e42ff2","8f7c9152-8f6c-46e6-a8b4-d60514a37fc3","0ed5679f-df01-4f5e-a74b-551ab2f24d7f"
"UEFSVEVDSVBBTlRFXzE3MA==","2024-07-12 16:04:02.153118","C","REGULAR","2024-07-12 16:50:24.527585","cc445f5e-805e-4046-aa66-63dca3d649f5","da3196bb-34ff-4b71-ba83-e5b398fadbb6","1e7015fc-e590-4ded-9c5d-408b4e83ab39"
"UEFSVEVDSVBBTlRFXzE3Mg==","2024-07-12 15:51:07.542119","B","REGULAR","2024-07-12 15:56:40.368947","4f5c5c3c-a756-49d4-9f70-f821570054d3","9fd5fc00-8930-44c6-8157-11d14ae09505","f9b40a67-341c-406d-a315-fa481ec24187"
"UEFSVEVDSVBBTlRFXzE3MQ==","2024-07-12 16:10:03.222565","D","REGULAR","2024-07-12 16:34:13.415951","2a80128e-f8ec-4b92-a7f2-21c82569a06f","d5a33f6d-be9f-41f8-bce7-eb52bc8a2f61","8ff8e8b6-55fc-4717-868c-e8666380ea6b"
"UEFSVEVDSVBBTlRFXzE3Mw==","2024-07-12 17:19:34.908446","A","REGULAR","2024-07-14 15:15:58.825827","e21e4350-e002-48cd-926d-c1e14f2dc313","a221c7ca-d7ac-4ea2-8794-014462b8e06a","70053593-8a0b-4def-b6a6-436184803d8b"
"UEFSVEVDSVBBTlRFXzE3Ng==","2024-07-07 18:35:51.023270","C","REGULAR","2024-07-08 17:59:48.413979","61f2dff7-cfac-4b16-b0eb-a8aa25cf5d8d","bec728a3-c998-4fb3-a849-b98afec3e603","28c036c8-9f5a-4df3-b65b-715ef4084611"
"UEFSVEVDSVBBTlRFXzE3Nw==","2024-07-09 14:27:08.049449","D","REGULAR","2024-07-09 14:44:53.573093","5dce1987-86ba-46fc-a195-efaefb0b80db","8ddb6184-16a2-48bf-9de8-d1b6597133d6","ebbcf0ee-973a-4703-8456-aca3cba77b15"
"UEFSVEVDSVBBTlRFXzEwMg==","2024-07-04 09:20:21.500163","C","REGULAR","2024-07-04 09:38:46.707798","d88bf274-99b7-4105-97b2-9dcc738a436e","33e07326-9c44-406b-855a-257efd03e365","0c4bf1c2-74ff-44d7-b996-c74abda8a95e"
"UEFSVEVDSVBBTlRFXzEwNA==","2024-07-04 09:29:53.983673","D","REGULAR","2024-07-04 09:44:36.736637","840614a4-591f-44c5-9beb-9be8ce2f2d72","cfd48544-f63b-475b-936a-eae970bcfcf0","19dbb7ad-edb6-4bcc-9976-2259dec4a760"
"UEFSVEVDSVBBTlRFXzEwNg==","2024-07-03 09:07:11.087425","D","REGULAR","2024-07-03 09:32:12.168293","cc7e246c-cfda-452e-9d4b-b23cfbfc8e98","837a92f9-bf61-472c-8399-537551d42d6e","d2039416-0280-4b9f-964e-b231cee7a0a3"
"UEFSVEVDSVBBTlRFXzEwNQ==","2024-07-16 15:31:36.708428","B","REGULAR","2024-07-16 15:40:58.103125","7e7eaf7e-ac7d-47ae-8b68-ab3bd6afaac8","7acd755f-92aa-4e39-bf3e-70cb525648f1","72e35c8b-1517-480f-9fa9-5b4c35588bad"
"UEFSVEVDSVBBTlRFXzEwNw==","2024-07-04 18:45:32.607569","D","REGULAR","2024-07-05 08:48:28.667572","863b42b9-0c90-497b-8004-868520904179","f43730c9-ecdd-4a73-a8f2-98dd17050afd","2fcf95b0-9a07-49f6-9028-c38a9cedc9c5"
"UEFSVEVDSVBBTlRFXzEwOQ==","2024-07-02 22:29:36.253371","C","REGULAR","2024-07-02 22:55:39.617912","86eddfa3-b46a-4be0-9c3a-2d29283cf39b","347dc328-1986-489f-95f1-71c1d57e21cd","a59cc7a8-27e7-4199-94b9-9e229244814f"
"UEFSVEVDSVBBTlRFXzExMA==","2024-07-02 07:22:09.935386","D","REGULAR","2024-07-02 07:52:03.001404","2360fd30-9c8f-4fd7-b3d1-a45b89956b38","28863188-92ad-4cbd-a9d4-adfaa8d4f353","6556d05c-3803-410d-a3e4-b38fe8f88687"
"UEFSVEVDSVBBTlRFXzExMg==","2024-07-01 15:56:34.360818","A","REGULAR","2024-07-01 17:41:09.548071","33708417-fb49-4f42-987b-3401a38715fa","7de960b5-be24-48f0-91c6-adbf0201e83e","d9dcb1b0-c916-481b-b33c-8bb0a5d81829"
"UEFSVEVDSVBBTlRFXzExMQ==","2024-07-01 14:46:13.461977","C","REGULAR","2024-07-01 15:55:32.096180","aaa792fd-d311-4b05-916d-6af35fdcdfb5","54999407-ba1d-4f7f-8f25-2969a1672dd0","558c51e9-82af-4553-bb22-132a1eb856f9"
"UEFSVEVDSVBBTlRFXzExMw==","2024-07-01 17:00:47.968779","D","REGULAR","2024-07-01 17:18:01.512924","9be56db8-0587-4383-9f58-a84722ab8e4a","4dea4e50-69b7-4985-bdf5-765159e429d0","0f490b58-a696-42a4-8e5c-3005db60557e"
"UEFSVEVDSVBBTlRFXzExNg==","2024-07-01 16:14:37.792136","B","REGULAR","2024-07-01 16:34:44.161061","8f613f56-5bb4-4e8f-a5fe-cbfff98992b1","9e3f6703-7477-44b8-bae7-a84d12bd6fa3","5314f14d-d2b8-44b0-b011-849e68bf60e8"
"UEFSVEVDSVBBTlRFXzExNQ==","2024-07-10 20:48:11.817908","A","REGULAR","2024-07-10 21:01:31.909060","25c754b1-8a48-48a9-969e-167a897f49c3","bbe34bd0-75ef-4b62-b601-e999819c2d79","0fcbbf78-e070-4d72-ac9b-ab2f360b5744"
"UEFSVEVDSVBBTlRFXzExNw==","2024-07-01 16:14:50.937357","C","REGULAR","2024-07-01 16:38:13.772477","8907abff-2a16-4619-8c54-a52a6f4980db","0609ea66-6a92-496e-9570-33f8831ba972","94ffc5f9-821f-4abf-a1a5-90321bf57a04"
"UEFSVEVDSVBBTlRFXzExOA==","2024-07-01 20:32:55.412545","C","REGULAR","2024-07-01 20:49:36.589954","554158f0-06db-4b3b-b28f-8d728689910d","318c5413-c3bb-4728-8fb3-570204530699","15697c48-922f-42f5-b873-a3e131876449"
"UEFSVEVDSVBBTlRFXzExOQ==","2024-07-04 08:44:32.837688","B","REGULAR","2024-07-04 09:05:41.529723","5d1722a0-8b64-4b74-ab39-ec3b2f7667c5","c0f1e4bf-fee7-4436-8673-17dd9f26b111","8e941ff3-d20a-4532-b899-97288a4db5ed"
"UEFSVEVDSVBBTlRFXzEyMA==","2024-07-01 17:19:28.483337","A","REGULAR","2024-07-01 17:44:02.560056","a80ef23e-7153-4add-890d-57306b1d62a1","2c47d212-5a0e-433c-b7c0-07e773e00a4b","4ca3d2da-1acd-44f1-b345-29b3c9544f78"
"UEFSVEVDSVBBTlRFXzEyMg==","2024-07-04 20:48:53.821562","B","REGULAR","2024-07-04 21:08:24.135473","32eefefe-9eee-4344-bbb1-5d463c3833ce","aed52393-da7e-4fe9-8ac8-c15acad2d81e","d63c3e7a-edb5-456e-ae6f-60079273a6cc"
"UEFSVEVDSVBBTlRFXzEyMw==","2024-07-07 12:18:49.517347","A","REGULAR","2024-07-07 12:38:11.730413","2fa4c09e-3357-4d6d-b4ae-1a05b00431dc","5be0e3cc-4019-428f-bfb1-eb0546b8014f","26f5b225-b1cd-4f74-9e28-47a3c1bc1083"
"UEFSVEVDSVBBTlRFXzEyNg==","2024-07-07 07:32:48.293136","C","REGULAR","2024-07-07 15:46:07.199917","262bc060-8f5f-4127-bb5d-0bb45f815888","2d024e41-f5fa-48d8-bd99-f99bbdb7951a","0b440e07-d002-457a-b707-f177b4b5e1ee"
"UEFSVEVDSVBBTlRFXzEyNQ==","2024-07-04 18:21:22.611411","C","REGULAR","2024-07-04 18:22:27.989353","8401eade-01f2-4d58-8033-8cf3e6c09416","659e275a-e0ff-4e03-b023-33d76c358a3b","cf0bda5e-491b-4949-94b3-8359bb0831ba"
"UEFSVEVDSVBBTlRFXzEyOA==","2024-07-07 14:40:31.986529","C","REGULAR","2024-07-07 14:56:00.531864","1c4bb7ee-787e-44e1-8ffe-39d4c1320014","5d94a60c-4fa2-4c3d-bd7b-62eed61ee9b3","3df3d9ce-efaa-4e58-87ef-4a11cd208790"
"UEFSVEVDSVBBTlRFXzEzMA==","2024-07-06 14:29:15.584459","B","REGULAR","2024-07-06 14:50:38.275157","8cd4420c-3d36-4264-a471-3b33b09f655f","b60a70f7-adfb-4c48-b87f-870ae56b1ec7","85e63e16-0398-4c4f-acd5-f05fa934f1c5"
"UEFSVEVDSVBBTlRFXzEzMQ==","2024-07-04 13:47:02.114269","C","REGULAR","2024-07-07 11:50:45.767176","73a2f0a0-1165-4c12-b0b6-db16ac093891","19c9b364-c10c-49ec-ab7b-8dc9b5ecc1bf","b8181739-f83b-471d-be40-d156506155f8"
"UEFSVEVDSVBBTlRFXzEzNA==","2024-07-04 13:28:34.218091","A","REGULAR","2024-07-04 13:57:30.926205","f993fc86-b1b9-43d0-ae85-9b53e310466e","fd3f7d29-e904-49df-b8c6-a959b5097845","27df3d76-89b2-4c14-abd4-b7c5609d7e6d"
"UEFSVEVDSVBBTlRFXzEzNg==","2024-07-04 10:16:28.112301","A","REGULAR","2024-07-04 13:57:33.834963","c973d0fd-33a6-4e00-b149-ef609f6dab95","5f86fbdf-333b-4581-8136-f48f6eab372d","2e89e9c5-4760-4108-aa74-03809a091059"
"UEFSVEVDSVBBTlRFXzEzNQ==","2024-07-04 11:47:14.507788","D","REGULAR","2024-07-04 14:01:24.534117","3633fb00-e366-4676-90d9-1c73c8d87f92","b2b9c939-fc78-46ae-b661-e3fb02f43bce","fdffef2a-c0a4-4bf2-b512-8ed87c265661"
"UEFSVEVDSVBBTlRFXzEzNw==","2024-07-04 11:40:44.257296","C","REGULAR","2024-07-04 12:03:08.064123","5de0292c-ddba-48bc-98f3-ff37f132c3fc","81dd437b-bfef-4ab4-b963-30532f6ec66a","8a055016-baa6-4246-9109-3cbd021e74c5"
"UEFSVEVDSVBBTlRFXzEzOA==","2024-07-04 10:20:30.069582","B","REGULAR",NULL,"f878b3ab-464e-4e7d-b9f2-e34f783b3c24","5967e072-cc6b-40c3-ba85-bb522dc02283","9caf6231-9ecb-4264-93a9-3dfbfb4f4b61"
"UEFSVEVDSVBBTlRFXzEzOQ==","2024-07-07 17:00:27.210037","B","REGULAR","2024-07-07 17:28:38.005384","5bf2c508-e27c-4b29-85a9-4c94fad58678","92225373-fa7e-413e-a90c-854343a9f8fc","617d9020-ad77-4361-ad22-c609a3f62fab"
"UEFSVEVDSVBBTlRFXzg=","2024-07-19 10:30:24.882298","D","ADMINISTRATIVE","2024-07-19 10:38:03.992688","d533a7cb-7d7d-42fe-ac13-cbe1535ec228","7a6b3d4e-e935-4198-a6f1-c0ce538c7b97","c5fa25e0-0481-43de-98a6-0de07fb12de7"
"UEFSVEVDSVBBTlRFXzg0","2024-07-01 10:11:58.120998","C","REGULAR","2024-07-01 10:23:10.599381","fad46001-27d7-4a13-a782-84d656639663","78171680-21d2-441a-9f42-4302b500d1f5","7b49c299-4429-4697-83a3-489ebfd65283"
"UEFSVEVDSVBBTlRFXzg1","2024-07-01 17:46:46.577375","B","REGULAR","2024-07-01 18:17:05.877511","3a0ec626-3ade-4a1e-a280-310f958bc3d9","d790d75c-d5d9-45f3-826d-9a29d2dd6be9","f32a3cc8-edd2-44a3-be45-c45a6d3ae9bd"
"UEFSVEVDSVBBTlRFXzg2","2024-07-01 15:06:04.246880","D","REGULAR","2024-07-01 15:25:24.445022","0460198c-38b8-4f9e-bc18-3248ec02b684","059b2ca0-6075-4083-8664-1b359baab5e2","8cde2d5b-10f9-4b56-96ae-dbe1579ac61c"
"UEFSVEVDSVBBTlRFXzg3","2024-07-01 13:44:50.887522","B","REGULAR","2024-07-01 14:10:13.612726","d4708eb3-72cf-4164-b602-e9fe151aa7a8","a76b5af1-9775-4604-8046-c281cb6d96f3","6c48b128-5bf7-4c9d-8d49-d3053d5d3694"
"UEFSVEVDSVBBTlRFXzg4","2024-07-02 11:33:39.225758","B","REGULAR",NULL,"61d4f226-aab1-4aae-9933-65236b41bc46","9c8715a2-ec64-4dcb-bab5-ca7886ad7aa9","eebb9042-4868-42cc-80db-4c6466869810"
"UEFSVEVDSVBBTlRFXzgw","2024-07-01 14:33:05.980761","C","FOREIGNER","2024-07-01 15:08:11.508123","b26a7605-3d56-415c-a2c7-25c319d9873e","679629ab-1103-45d0-bf21-c6a87f22e5c4","c9394cf8-f67b-4bde-8594-d92bbb3193e9"
"UEFSVEVDSVBBTlRFXzgx","2024-07-01 12:49:31.577714","D","REGULAR","2024-07-01 13:08:09.738223","2b36c2d4-3e59-40d3-9f4c-1203f6bfec9a","43437cc9-1899-4e19-a0fa-49f1b0ac8c05","23c6e76b-7c2d-49ad-b94f-d8877f99fdd2"
"UEFSVEVDSVBBTlRFXzgy","2024-07-01 09:43:59.597592","A","REGULAR","2024-07-01 09:55:51.861198","526b51cd-7f65-41a7-a09e-655f4a9d7c4a","9942771f-dd8a-4e49-8fa5-795736b14429","290c2359-7a95-4798-a047-3f8ff63bd2ad"
"UEFSVEVDSVBBTlRFXzgz","2024-07-01 09:58:03.402966","B","REGULAR","2024-07-01 10:01:43.999095","609e82da-1704-4cb6-943b-b387c0182c6e","7b29e25f-44c7-4957-baa6-91c0cbca70f8","18147218-9b55-44a2-90a9-ca23be2e5ac5"
"UEFSVEVDSVBBTlRFXzk=","2024-07-19 09:00:42.189072","C","ADMINISTRATIVE","2024-07-19 09:13:37.726334","85b26bd2-c646-43e0-969d-0a9aa2c96c0a","d7474227-6901-4566-b4cb-284ca16e9f2e","da345199-c202-4773-b6c8-1d67786b067e"
"UEFSVEVDSVBBTlRFXzkw","2024-07-01 13:25:06.245516","A","REGULAR","2024-07-01 13:29:25.307616","93f37438-4d99-4ed2-b067-f89409b2a16e","384686fa-88b8-4c08-97ac-c9e5f5db9cbc","407d3007-7d7d-4eb0-81b9-abec822b5c76"
"UEFSVEVDSVBBTlRFXzkx","2024-07-03 14:47:26.821868","A","REGULAR","2024-07-03 15:06:21.533951","89ce0a28-ca0f-4955-afda-5908ae55e2e0","450689b2-a1d1-4e4e-8d52-01a6dc0adf9d","b72ec129-6fcc-426c-9477-8c68d7a4d705"
"UEFSVEVDSVBBTlRFXzky","2024-07-02 09:27:22.774661","A","REGULAR","2024-07-02 11:35:41.508662","e123c6ee-280d-423c-8db8-a8dba8f8f6b5","3c447ea7-f8ee-49a1-9b37-3a73e3800758","f7286aba-553a-4c0c-8aa8-eaddc498ec66"
"UEFSVEVDSVBBTlRFXzQ0","2024-07-05 06:13:41.118750","D","FOREIGNER","2024-07-05 07:04:39.524204","6de0636a-47b8-4de3-8869-74d99abaed67","bea52bd4-4fb2-44d0-a517-7f076b98cb34","3c2288c7-17d6-4b84-ac3f-bbfb68babc2f"
"UEFSVEVDSVBBTlRFXzQ1","2024-07-03 17:51:19.294828","B","FOREIGNER","2024-07-03 18:52:27.787945","792ac53c-b4ef-42f4-956a-7bf8e3490120","89d7b6a5-5e03-4bfe-aecc-d7be5d958b48","ca4d22db-bcbb-4159-8e7a-1d1572585280"
"UEFSVEVDSVBBTlRFXzQ3","2024-07-05 14:04:51.225136","A","FOREIGNER","2024-07-05 14:33:34.992680","b83702e2-c214-463b-97ba-6321370f89bd","a412c3b4-8309-44f6-817c-f9dbe9d98ee0","774919be-0ad0-4a8f-bf82-c409cc7c843c"
"UEFSVEVDSVBBTlRFXzQy","2024-07-05 16:22:37.604857","B","FOREIGNER","2024-07-05 16:51:06.780784","d26955ff-af45-49b1-a14a-cf80e0f2e390","c8d18e3b-65b0-44d5-a2d7-329843e70724","80981cf7-a267-4f8f-9953-f8eb301deee1"
"UEFSVEVDSVBBTlRFXzU=","2024-07-22 14:40:30.342597","C","ADMINISTRATIVE","2024-07-22 14:58:03.816853","d5e65cb4-ba94-4c58-8e12-968023353e72","c16c7cba-3e10-41e5-8982-91a009fc57f6","6f5d6ded-4453-46fe-b67e-04d728904346"
"UEFSVEVDSVBBTlRFXzU1","2024-07-04 13:21:46.597038","C","FOREIGNER","2024-07-04 13:33:35.799668","c474b149-93f8-40c8-a192-fbee4432d3a5","0bb3fe85-ba0d-4222-8ca7-de8c2119c215","c8d52176-cfbf-44f1-90c6-8b03a656b782"
"UEFSVEVDSVBBTlRFXzUw","2024-07-01 13:08:59.918366","A","FOREIGNER","2024-07-01 13:30:02.402533","6dccefd5-83d2-4020-9214-3497f937ffe2","4071b26f-9bef-47b1-87c3-a27ba38f0877","37f4b218-048a-4325-bb62-b2c237449985"
"UEFSVEVDSVBBTlRFXzUx","2024-07-01 13:13:25.434286","B","FOREIGNER","2024-07-01 13:54:49.149476","f8ca3479-4204-40f9-b499-49ae05572ca3","c182d508-c634-4c2b-80ff-f58ca694c806","052070fa-c886-48c1-8bcc-33a1f91bf703"
"UEFSVEVDSVBBTlRFXzUy","2024-07-03 15:18:35.753497","A","FOREIGNER",NULL,"26262268-d0e1-4d22-8166-7f8ca8871e68","cdd23d5f-8cd1-40ce-82e9-621c63bfadd4","9920ba40-7649-4802-a65d-aef6137d728f"
"UEFSVEVDSVBBTlRFXzY=","2024-07-23 09:21:25.739754","D","ADMINISTRATIVE","2024-07-23 09:33:05.190219","daa214e7-e6d3-42ef-86c5-0351784cdc8a","c76b9d70-da09-44b0-9a95-17d62e42f9a9","f8924dd4-f0a5-4924-97ee-e0d0da82eeec"
